# .htaccess file for selfdefinition.org/celibacy/sivananda/

# Pages renamed on reformat Sep 6, 2016


Redirect 301 "/celibacy/sivananda/brahmacharya-section-1.htm" "/celibacy/sivananda/brahmacharya-section-1-phenomenon.htm" 

Redirect 301 "/celibacy/sivananda/brahmacharya-section-2.htm" "/celibacy/sivananda/brahmacharya-section-2-glory.htm" 

Redirect 301 "/celibacy/sivananda/brahmacharya-section-3.htm" "/celibacy/sivananda/brahmacharya-section-3-techniques.htm" 

Redirect 301 "/celibacy/sivananda/brahmacharya-section-4.htm" "/celibacy/sivananda/brahmacharya-section-4-symposium.htm" 

# messed up links indexed at Google, gives canonical error, somehow generated by my menu, don't know why
# replaced links in menu with full path
# Dec 4, 2022

# these are not working ... oops, forgot, "query string" is not seen on server.
# the following is from Albigen.Com
# get rid of bad urls seen in server logs July 23, 2022
# anything tghat ends with .htm/*
# such as /readings/rose-readings-1.htm from bingbot
# https://webmasters.stackexchange.com/questions/132162/htaccess-trailing-slash-and-characters-after-file-extension
RewriteCond %{REQUEST_FILENAME} !-d
RewriteRule ^(.+?\.htm)/ /$1 [R=404]
# WAS [R=404,L] removed L (last) July 26, 2022, was preventing to force https

Redirect 301 "https://selfdefinition.org/celibacy/sivananda/brahmacharya-title-page.htm/brahmacharya-contents.htm"  "https://selfdefinition.org/celibacy/sivananda/brahmacharya-contents.htm

Redirect 301 "https://selfdefinition.org/celibacy/sivananda/brahmacharya-title-page.htm/brahmacharya-full-index.htm"  "https://selfdefinition.org/celibacy/sivananda/brahmacharya-full-index.htm"

Redirect 301 "https://selfdefinition.org/celibacy/sivananda/brahmacharya-title-page.htm/brahmacharya-full-index.htm"  "https://selfdefinition.org/celibacy/sivananda/brahmacharya-full-index.htm"

Redirect 301 "https://selfdefinition.org/celibacy/sivananda/brahmacharya-title-page.htm/brahmacharya-title-page.htm"   "https://selfdefinition.org/celibacy/sivananda/brahmacharya-title-page.htm"

Redirect 301 "https://selfdefinition.org/celibacy/sivananda/brahmacharya-title-page.htm/brahmacharya-section-1-phenomenon.htm"   "https://selfdefinition.org/celibacy/sivananda/brahmacharya-section-1-phenomenon.htm

Redirect 301 "https://selfdefinition.org/celibacy/sivananda/brahmacharya-title-page.htm/brahmacharya-section-2-glory.htm"  "https://selfdefinition.org/celibacy/sivananda/brahmacharya-section-2-glory.htm"

Redirect 301 "https://selfdefinition.org/celibacy/sivananda/brahmacharya-title-page.htm/brahmacharya-section-3-techniques.htm"  "https://selfdefinition.org/celibacy/sivananda/brahmacharya-section-3-techniques.htm"

Redirect 301 "https://selfdefinition.org/celibacy/sivananda/brahmacharya-title-page.htm/brahmacharya-section-4-symposium.htm"   "https://selfdefinition.org/celibacy/sivananda/brahmacharya-section-4-symposium.htm"


# memo only
# no change this name:
# brahmacharya-title-page.htm

# these 2 are new pages:
# brahmacharya-contents.htm
# brahmacharya-full-index.htm

# index page points to: brahmacharya-section-1-phenomenon.htm


# end


 















