# directory moved
# /frauds/norbu-chen/  is now  /norbu-chen/
 
# page name change June 8, 2022

Redirect 301 "/frauds/fraud-links.htm"	"/frauds/articles/article-index.htm"

Redirect 301 "/frauds/articles/fraud-links.htm"	"/frauds/articles/article-index.htm"


# Files moved Nov 1, 2021
Redirect 301 "/frauds/Soviet-Art-of-Brainwashing.pdf"	"/psychology/L-Ron-Hubbard-Goff-Soviet-Art-of-Brainwashing.pdf"

Redirect 301 "/frauds/Jacques-Ellul-Propaganda-Formation-Of-Mens-Attitudes-14-page-review.pdf" "/psychology/Jacques-Ellul-Propaganda-Formation-Of-Mens-Attitudes-14-page-review.pdf"


# File renamed Oct 7, 2021
Redirect 301 "/frauda/zimbabwe-and-south-africa.jpg.jpeg"	"/frauds/zimbabwe-and-south-africa.jpg"

# File moved from Frauds to Psychology Sep 6, 2021
Redirect 301 "/frauds/Esther-Vilar-The-Manipulated-Man.pdf"  "/psychology/Esther-Vilar-The-Manipulated-Man.pdf"


# test mobility issue reported by Google on /celibacy/
# https://www.askapache.com/htaccess-file/htaccess/meodai-mod_autoindexoh-master-htaccess/
# META VIEWPORT
# NO   IndexHeadInsert "<meta name="viewport" content="width=device-width, initial-scale=1">"
# MUST ESCAPE " MARKS
IndexHeadInsert "<meta name=\"viewport\" content=\"width=device-width, initial-scale=1\">"

# Example Apache docs
# https://httpd.apache.org/docs/2.4/mod/mod_autoindex.html
# this works, have to put on single line, otherwise the 2nd overwrites the first.
# must escape the \" quote marks
# IndexHeadInsert "<link rel=\"sitemap\" href=\"/sitemap.html\">\" \"<!-- this is a comment inserted by IndexHeadInsert -->"


# TEST: added Apr 19, 2019
# Instructions: https://larsjung.de/h5ai/
# AND: http://www.validatethis.co.uk/news/give-your-apache-file-index-a-face-lift-with-h5ai/

## WORKS GREAT but must exclude certain files, comment out until tested further

##DirectoryIndex /_h5ai/public/index.php


# pages moved Jan 17, 2020

Redirect 301 "/frauds/socialism-in-cuba.htm"  "/frauds/articles/socialism-in-cuba.htm"

Redirect 301 "/frauds/the-secret-behind-the-BBCs-secret-swami-sai-baba.htm"  "/frauds/articles/the-secret-behind-the-BBCs-secret-swami-sai-baba.htm"

# see above
# Redirect 301 "/frauds/fraud-links.htm"  "/frauds/articles/fraud-links.htm"



# Rewrite rule
# http://www.sitepoint.com/forums/showthread.php?425736-Redirect-ALL-files-of-a-directory-to-a-new-destination-(htaccess)

### Mar 2, 2017 This throws an Apache error on Hartmann so eliminate
### It's 2 years old anyway, moved June 2014
### RewriteEngine on
### RewriteRule ^norbu-chen/(.*)$ /norbu-chen/$1 [R=301,NC,L]

IndexIgnore _*

# new June 1, 2015 -- Add stylesheet for auto-indexing
# Can't use with HEADER.html or you get two stylesheet links
# ref: http://www.apachelounge.com/viewtopic.php?p=21759
IndexStyleSheet "/index-style-sheet.css"

# Dec 17, 2018 redirect for new page, first posted as a text file, now html.

Redirect 301 /frauds/Cuba-Socialism.text  /frauds/socialism-in-cuba.htm

# correct misspelling
Redirect 301 /frauds/From-Russia-With-Money-Skolkvovo-08012016.pdf  /frauds/From-Russia-With-Money-Skolkovo-08012016.pdf

# end
